{
  "image_size": [
    1280,
    720
  ],
  "camera_matrix": [
    [
      782.1462645795613,
      0.0,
      640.7376262674395
    ],
    [
      0.0,
      778.8899012330273,
      364.97231824477933
    ],
    [
      0.0,
      0.0,
      1.0
    ]
  ],
  "dist_coeffs": [
    0.04099024597855369,
    -0.5615399324255144,
    -0.0016990955118443782,
    0.0003142577202969566,
    1.15294226061129
  ],
  "rms_error": 0.6983191539424581,
  "mean_reprojection_error": 0.041453907076938766,
  "num_views": 19
}